granularity,model,rmse,mae,mape,r2
5m,Prophet,139.1949607883195,102.52017437554616,66.73863131504127,-0.2889233723302256
5m,SARIMA,150.36886905034254,108.56023741247876,58.514287968033216,-0.504166595347106
5m,LightGBM,262.64526143882017,235.24331477965038,123.06259390169178,-3.589012202837715
