granularity,model,rmse,mae,mape,r2
5m,LightGBM,3.193123800629447,1.9457590877312507,1.164640674686722,0.9993217159779916
