{
  "lgbm_test": {
    "model": "LightGBM (Test)",
    "rmse": 3.3131093188933045,
    "mse": 10.976693358937656,
    "mae": 2.0882660148889713,
    "mape": 1.3759736800160036,
    "smape": 1.486462041516654,
    "r2": 0.9992697835622995
  },
  "lgbm_val": {
    "model": "LightGBM (Val)",
    "rmse": 1.4421662956712367,
    "mae": 1.0979814207647014,
    "mape": 1.204850932974365,
    "smape": 1.6256833297125886,
    "r2": 0.9997823223421228
  },
  "lgbm_cv": {
    "rmse_mean": 14.905064290273495,
    "rmse_std": 20.49758708722547,
    "rmse_stable_mean": 4.681611526571974,
    "rmse_stable_std": 1.6105630815987266,
    "mae_mean": 4.912334231108046,
    "smape_mean": 25.966597903787594,
    "note": "rmse_stable excludes fold 1 (cold-start)"
  },
  "best_params": {
    "num_leaves": 40,
    "max_depth": 8,
    "min_child_samples": 20,
    "learning_rate": 0.042300089457593476,
    "reg_alpha": 26.3704568580922,
    "reg_lambda": 2.3937460849181633,
    "subsample": 0.5710282689712718,
    "colsample_bytree": 0.7840879260017546
  },
  "sarima_test": {
    "model": "SARIMA (Test)",
    "rmse": 150.36886905034254,
    "mse": 22610.796779479064,
    "mae": 108.56023741247876,
    "mape": 58.514287968033216,
    "smape": 58.112000308323466,
    "r2": -0.504166595347106
  },
  "sarima_val": {
    "model": "SARIMA (Val)",
    "rmse": 148.36548007302653,
    "mse": 22012.315677299637,
    "mae": 114.29019063710976,
    "mape": 70.05963731966828,
    "smape": 82.85173005154309,
    "r2": -1.3038219147553338
  },
  "prophet_test": {
    "model": "Prophet (Test)",
    "rmse": 83.25937677874326,
    "mse": 6932.123821584733,
    "mae": 62.899059490629526,
    "mape": 47.18607899356608,
    "smape": 40.52497815963515,
    "r2": 0.5388455705947965
  },
  "prophet_val": {
    "model": "Prophet (Val)",
    "rmse": 72.39309494578023,
    "mse": 5240.760195828752,
    "mae": 58.930268190348166,
    "mape": 71.33127767712772,
    "smape": 38.50413154792183,
    "r2": 0.45149895330735657
  }
}