{
  "lgbm_test": {
    "model": "LightGBM (Test)",
    "rmse": 3.589939655598484,
    "mae": 2.259145378054891,
    "smape": 1.5675727634297059,
    "r2": 0.9991426574668042
  },
  "lgbm_val": {
    "model": "LightGBM Tuned (Val)",
    "rmse": 3.122792493529073,
    "mse": 9.751832957641525,
    "mae": 2.003753731796681,
    "mape": 2.3404948088761186,
    "smape": 2.3484482575212966,
    "r2": 0.9989793674229369
  },
  "lgbm_cv": {
    "rmse_mean": 15.016543455130293,
    "rmse_std": 20.006047235391918,
    "mae_mean": 5.000440936671254,
    "smape_mean": 25.974779736669667
  },
  "best_params": {
    "num_leaves": 95,
    "max_depth": 7,
    "min_child_samples": 22,
    "learning_rate": 0.05958815065415649,
    "reg_alpha": 1.0124884551172264,
    "reg_lambda": 7.466522442628784,
    "subsample": 0.5657040021267391,
    "colsample_bytree": 0.8923703607723302
  },
  "sarima_test": {
    "model": "SARIMA (Test)",
    "rmse": 150.36886050974041,
    "mse": 22610.794210997774,
    "mae": 108.5602312745308,
    "mape": 58.51429089453357,
    "smape": 58.11199586966723,
    "r2": -0.5041664244807809
  },
  "sarima_val": {
    "model": "SARIMA (Val)",
    "rmse": 148.36685675063035,
    "mse": 22012.724182062062,
    "mae": 114.29168606597914,
    "mape": 70.06042035098567,
    "smape": 82.85380343152573,
    "r2": -1.3038646691042062
  },
  "prophet_test": {
    "model": "Prophet (Test)",
    "rmse": 83.25937677874326,
    "mse": 6932.123821584733,
    "mae": 62.899059490629526,
    "mape": 47.18607899356608,
    "smape": 40.52497815963515,
    "r2": 0.5388455705947965
  },
  "prophet_val": {
    "model": "Prophet (Val)",
    "rmse": 72.39309494578023,
    "mse": 5240.760195828752,
    "mae": 58.930268190348166,
    "mape": 71.33127767712772,
    "smape": 38.50413154792183,
    "r2": 0.45149895330735657
  }
}