{
  "lgbm_test": {
    "model": "LightGBM (Test)",
    "rmse": 262.64526143882017,
    "mse": 68982.53335626621,
    "mae": 235.24331477965038,
    "mape": 123.06259390169178,
    "smape": 75.88083271270568,
    "r2": -3.589012202837715
  },
  "lgbm_val": {
    "model": "LightGBM Tuned (Val)",
    "rmse": 0.5284970333106347,
    "mse": 0.2793091142181421,
    "mae": 0.3745535704221383,
    "mape": 0.4523765756255533,
    "smape": 1.0531820479133365,
    "r2": 0.9999707673437107
  },
  "lgbm_cv": {
    "rmse_mean": 10.438220279058887,
    "rmse_std": 18.56774415256576,
    "mae_mean": 1.9888030474809688,
    "mape_mean": 4225454523.5957084
  },
  "best_params": {
    "num_leaves": 201,
    "max_depth": 10,
    "min_child_samples": 9,
    "learning_rate": 0.012545682712065102,
    "reg_alpha": 0.27753868982855157,
    "reg_lambda": 0.00040470037961972706,
    "subsample": 0.7994329096707422,
    "colsample_bytree": 0.9984214165574887
  },
  "sarima_test": {
    "model": "SARIMA (Test)",
    "rmse": 150.36886905034254,
    "mse": 22610.796779479064,
    "mae": 108.56023741247876,
    "mape": 58.514287968033216,
    "smape": 58.112000308323466,
    "r2": -0.504166595347106
  },
  "prophet_test": {
    "model": "Prophet (Test)",
    "rmse": 139.1949607883195,
    "mse": 19375.237108861802,
    "mae": 102.52017437554616,
    "mape": 66.73863131504127,
    "smape": 53.84494393845084,
    "r2": -0.2889233723302256
  },
  "sarima_val": {
    "model": "SARIMA (Val)",
    "rmse": 148.36548007302653,
    "mse": 22012.315677299637,
    "mae": 114.29019063710976,
    "mape": 70.05963731966828,
    "smape": 82.85173005154309,
    "r2": -1.3038219147553338
  },
  "prophet_val": {
    "model": "Prophet (Val)",
    "rmse": 103.56526969863981,
    "mse": 10725.765087752,
    "mae": 88.59073545950376,
    "mape": 119.05811628255589,
    "smape": 50.72469346974678,
    "r2": -0.12256488703564061
  }
}