{
  "sarima_test": {
    "model": "SARIMA (Test)",
    "rmse": 150.36886905034254,
    "mse": 22610.796779479064,
    "mae": 108.56023741247876,
    "mape": 58.514287968033216,
    "smape": 58.112000308323466,
    "r2": -0.504166595347106
  },
  "prophet_test": {
    "model": "Prophet (Test)",
    "rmse": 139.1949607883195,
    "mse": 19375.237108861802,
    "mae": 102.52017437554616,
    "mape": 66.73863131504127,
    "smape": 53.84494393845084,
    "r2": -0.2889233723302256
  },
  "sarima_val": {
    "model": "SARIMA (Val)",
    "rmse": 148.36548007302653,
    "mse": 22012.315677299637,
    "mae": 114.29019063710976,
    "mape": 70.05963731966828,
    "smape": 82.85173005154309,
    "r2": -1.3038219147553338
  },
  "prophet_val": {
    "model": "Prophet (Val)",
    "rmse": 103.56526969863981,
    "mse": 10725.765087752,
    "mae": 88.59073545950376,
    "mape": 119.05811628255589,
    "smape": 50.72469346974678,
    "r2": -0.12256488703564061
  }
}