{
  "sarima_test": {
    "model": "SARIMA (Test)",
    "rmse": 150.36886905034254,
    "mse": 22610.796779479064,
    "mae": 108.56023741247876,
    "mape": 58.514287968033216,
    "smape": 58.112000308323466,
    "r2": -0.504166595347106
  },
  "sarima_val": {
    "model": "SARIMA (Val)",
    "rmse": 148.36548007302653,
    "mse": 22012.315677299637,
    "mae": 114.29019063710976,
    "mape": 70.05963731966828,
    "smape": 82.85173005154309,
    "r2": -1.3038219147553338
  },
  "prophet_test": {
    "model": "Prophet (Test)",
    "rmse": 83.25937677874326,
    "mse": 6932.123821584733,
    "mae": 62.899059490629526,
    "mape": 47.18607899356608,
    "smape": 40.52497815963515,
    "r2": 0.5388455705947965
  },
  "prophet_val": {
    "model": "Prophet (Val)",
    "rmse": 72.39309494578023,
    "mse": 5240.760195828752,
    "mae": 58.930268190348166,
    "mape": 71.33127767712772,
    "smape": 38.50413154792183,
    "r2": 0.45149895330735657
  }
}